"sdf", "lii", "bii"
111_111, 208.996002, -19.260527
112_112, 208.863495, -19.385527
113_113, 208.996002, -19.385527
